[{"model": "admin.logentry", "pk": 1, "fields": {"action_time": "2025-02-02T13:43:11.597Z", "user": 1, "content_type": 10, "object_id": "1", "object_repr": "Dorastenci", "action_flag": 1, "change_message": "[{\"added\": {}}]"}}, {"model": "admin.logentry", "pk": 2, "fields": {"action_time": "2025-02-02T13:43:30.129Z", "user": 1, "content_type": 10, "object_id": "2", "object_repr": "Muži", "action_flag": 1, "change_message": "[{\"added\": {}}]"}}, {"model": "admin.logentry", "pk": 3, "fields": {"action_time": "2025-02-02T13:43:36.807Z", "user": 1, "content_type": 10, "object_id": "3", "object_repr": "Juniori", "action_flag": 1, "change_message": "[{\"added\": {}}]"}}, {"model": "admin.logentry", "pk": 4, "fields": {"action_time": "2025-02-02T13:44:05.728Z", "user": 1, "content_type": 8, "object_id": "1", "object_repr": "27 - Tomáš Bezeg - 0", "action_flag": 1, "change_message": "[{\"added\": {}}]"}}, {"model": "admin.logentry", "pk": 5, "fields": {"action_time": "2025-02-02T13:44:28.752Z", "user": 1, "content_type": 9, "object_id": "1", "object_repr": "utorok - 2025-01-06 - 17:00:00", "action_flag": 1, "change_message": "[{\"added\": {}}]"}}, {"model": "admin.logentry", "pk": 6, "fields": {"action_time": "2025-02-02T13:45:06.126Z", "user": 1, "content_type": 8, "object_id": "2", "object_repr": "52 - Oliver Olekšák - 0", "action_flag": 1, "change_message": "[{\"added\": {}}]"}}, {"model": "admin.logentry", "pk": 7, "fields": {"action_time": "2025-02-02T13:45:56.622Z", "user": 1, "content_type": 8, "object_id": "3", "object_repr": "25 - Patrik Cirbus - 0", "action_flag": 1, "change_message": "[{\"added\": {}}]"}}, {"model": "admin.logentry", "pk": 8, "fields": {"action_time": "2025-02-02T13:46:20.598Z", "user": 1, "content_type": 9, "object_id": "2", "object_repr": "Piatok - 2025-01-06 - 17:00:00", "action_flag": 1, "change_message": "[{\"added\": {}}]"}}, {"model": "admin.logentry", "pk": 9, "fields": {"action_time": "2025-02-02T13:48:52.862Z", "user": 1, "content_type": 9, "object_id": "3", "object_repr": "utorok - 2025-01-06 - 17:00:00", "action_flag": 1, "change_message": "[{\"added\": {}}]"}}, {"model": "admin.logentry", "pk": 10, "fields": {"action_time": "2025-02-02T13:49:08.243Z", "user": 1, "content_type": 9, "object_id": "3", "object_repr": "utorok - 2025-01-06 - 17:00:00", "action_flag": 2, "change_message": "[{\"changed\": {\"fields\": [\"Category\", \"Players\"]}}]"}}, {"model": "admin.logentry", "pk": 11, "fields": {"action_time": "2025-02-02T15:19:45.282Z", "user": 1, "content_type": 8, "object_id": "4", "object_repr": "38 - Martin Guľaš - 0", "action_flag": 2, "change_message": "[{\"changed\": {\"fields\": [\"Categories\"]}}]"}}, {"model": "admin.logentry", "pk": 12, "fields": {"action_time": "2025-02-02T15:26:38.608Z", "user": 1, "content_type": 8, "object_id": "4", "object_repr": "38 - Martin Guľaš - 0", "action_flag": 2, "change_message": "[{\"changed\": {\"fields\": [\"Attendance count\", \"All training count\"]}}]"}}, {"model": "admin.logentry", "pk": 13, "fields": {"action_time": "2025-02-02T15:26:42.863Z", "user": 1, "content_type": 8, "object_id": "2", "object_repr": "52 - Oliver Olekšák - 0", "action_flag": 2, "change_message": "[{\"changed\": {\"fields\": [\"Attendance count\"]}}]"}}, {"model": "admin.logentry", "pk": 14, "fields": {"action_time": "2025-02-02T15:45:52.819Z", "user": 1, "content_type": 8, "object_id": "5", "object_repr": "72 - Peter Bezeg - 0", "action_flag": 2, "change_message": "[{\"changed\": {\"fields\": [\"Categories\"]}}]"}}, {"model": "admin.logentry", "pk": 15, "fields": {"action_time": "2025-02-02T15:50:41.642Z", "user": 1, "content_type": 8, "object_id": "6", "object_repr": "53 - Daniel Petrašovič - 0", "action_flag": 3, "change_message": ""}}, {"model": "admin.logentry", "pk": 16, "fields": {"action_time": "2025-02-02T15:51:01.581Z", "user": 1, "content_type": 8, "object_id": "7", "object_repr": "53 - Daniel Petrašovič - 0", "action_flag": 3, "change_message": ""}}, {"model": "admin.logentry", "pk": 17, "fields": {"action_time": "2025-02-02T15:53:01.292Z", "user": 1, "content_type": 10, "object_id": "4", "object_repr": "Starší žiaci", "action_flag": 1, "change_message": "[{\"added\": {}}]"}}, {"model": "admin.logentry", "pk": 18, "fields": {"action_time": "2025-02-02T15:53:16.682Z", "user": 1, "content_type": 8, "object_id": "9", "object_repr": "13 - Matej Kender - 0", "action_flag": 2, "change_message": "[{\"changed\": {\"fields\": [\"Categories\"]}}]"}}, {"model": "admin.logentry", "pk": 19, "fields": {"action_time": "2025-02-02T15:54:15.743Z", "user": 1, "content_type": 10, "object_id": "4", "object_repr": "Starsi_ziaci", "action_flag": 2, "change_message": "[{\"changed\": {\"fields\": [\"Name\"]}}]"}}, {"model": "admin.logentry", "pk": 20, "fields": {"action_time": "2025-02-02T15:54:27.034Z", "user": 1, "content_type": 10, "object_id": "4", "object_repr": "Starsi_Ziaci", "action_flag": 2, "change_message": "[{\"changed\": {\"fields\": [\"Name\"]}}]"}}, {"model": "admin.logentry", "pk": 21, "fields": {"action_time": "2025-02-03T10:49:30.235Z", "user": 1, "content_type": 9, "object_id": "16", "object_repr": "utorok - 2025-02-04 - 17:30:00", "action_flag": 3, "change_message": ""}}, {"model": "admin.logentry", "pk": 22, "fields": {"action_time": "2025-02-03T10:49:30.235Z", "user": 1, "content_type": 9, "object_id": "15", "object_repr": "utorok - 2025-01-28 - 18:30:00", "action_flag": 3, "change_message": ""}}, {"model": "admin.logentry", "pk": 23, "fields": {"action_time": "2025-02-03T10:49:30.235Z", "user": 1, "content_type": 9, "object_id": "14", "object_repr": "utorok - 2025-01-28 - 17:00:00", "action_flag": 3, "change_message": ""}}, {"model": "admin.logentry", "pk": 24, "fields": {"action_time": "2025-02-03T10:49:30.235Z", "user": 1, "content_type": 9, "object_id": "13", "object_repr": "Piatok - 2025-01-24 - 16:30:00", "action_flag": 3, "change_message": ""}}, {"model": "admin.logentry", "pk": 25, "fields": {"action_time": "2025-02-03T10:49:30.235Z", "user": 1, "content_type": 9, "object_id": "12", "object_repr": "utorok - 2025-03-18 - 18:30:00", "action_flag": 3, "change_message": ""}}, {"model": "admin.logentry", "pk": 26, "fields": {"action_time": "2025-02-03T10:49:30.235Z", "user": 1, "content_type": 9, "object_id": "11", "object_repr": "utorok - 2025-02-04 - 18:30:00", "action_flag": 3, "change_message": ""}}, {"model": "admin.logentry", "pk": 27, "fields": {"action_time": "2025-02-03T10:49:30.235Z", "user": 1, "content_type": 9, "object_id": "10", "object_repr": "Streda - 2025-02-05 - 17:00:00", "action_flag": 3, "change_message": ""}}, {"model": "admin.logentry", "pk": 28, "fields": {"action_time": "2025-02-03T10:49:30.235Z", "user": 1, "content_type": 9, "object_id": "9", "object_repr": "utorok - 2025-01-28 - 17:00:00", "action_flag": 3, "change_message": ""}}, {"model": "admin.logentry", "pk": 29, "fields": {"action_time": "2025-02-03T10:49:30.235Z", "user": 1, "content_type": 9, "object_id": "8", "object_repr": "štvrtok - 2025-01-31 - 16:30:00", "action_flag": 3, "change_message": ""}}, {"model": "admin.logentry", "pk": 30, "fields": {"action_time": "2025-02-03T10:49:30.235Z", "user": 1, "content_type": 9, "object_id": "7", "object_repr": "utorok - 2025-01-31 - 04:55:00", "action_flag": 3, "change_message": ""}}, {"model": "admin.logentry", "pk": 31, "fields": {"action_time": "2025-02-03T10:49:30.235Z", "user": 1, "content_type": 9, "object_id": "6", "object_repr": "Piatok - 2025-01-31 - 05:55:00", "action_flag": 3, "change_message": ""}}, {"model": "admin.logentry", "pk": 32, "fields": {"action_time": "2025-02-03T10:49:30.235Z", "user": 1, "content_type": 9, "object_id": "5", "object_repr": "utorok - 2025-03-04 - 08:00:00", "action_flag": 3, "change_message": ""}}, {"model": "admin.logentry", "pk": 33, "fields": {"action_time": "2025-02-03T10:49:30.235Z", "user": 1, "content_type": 9, "object_id": "4", "object_repr": "utorok - 2025-02-08 - 16:30:00", "action_flag": 3, "change_message": ""}}, {"model": "admin.logentry", "pk": 34, "fields": {"action_time": "2025-02-03T10:49:30.235Z", "user": 1, "content_type": 9, "object_id": "3", "object_repr": "utorok - 2025-01-06 - 17:00:00", "action_flag": 3, "change_message": ""}}, {"model": "admin.logentry", "pk": 35, "fields": {"action_time": "2025-02-03T10:49:30.235Z", "user": 1, "content_type": 9, "object_id": "2", "object_repr": "Piatok - 2025-01-06 - 17:00:00", "action_flag": 3, "change_message": ""}}, {"model": "admin.logentry", "pk": 36, "fields": {"action_time": "2025-02-03T10:49:30.236Z", "user": 1, "content_type": 9, "object_id": "1", "object_repr": "utorok - 2025-01-06 - 17:00:00", "action_flag": 3, "change_message": ""}}, {"model": "admin.logentry", "pk": 37, "fields": {"action_time": "2025-02-03T10:50:36.440Z", "user": 1, "content_type": 8, "object_id": "9", "object_repr": "13 - Matej Kender - 1", "action_flag": 2, "change_message": "[{\"changed\": {\"fields\": [\"Attendance count\", \"All training count\"]}}]"}}, {"model": "admin.logentry", "pk": 38, "fields": {"action_time": "2025-02-03T10:54:12.283Z", "user": 1, "content_type": 8, "object_id": "11", "object_repr": "75 - Dávid Maliar - 0", "action_flag": 2, "change_message": "[{\"changed\": {\"fields\": [\"Last name\"]}}]"}}, {"model": "admin.logentry", "pk": 39, "fields": {"action_time": "2025-02-03T13:15:32.267Z", "user": 1, "content_type": 8, "object_id": "4", "object_repr": "38 - Martin Guľaš - 0", "action_flag": 2, "change_message": "[{\"changed\": {\"fields\": [\"Attendance count\", \"All training count\"]}}]"}}, {"model": "admin.logentry", "pk": 40, "fields": {"action_time": "2025-02-03T13:15:39.816Z", "user": 1, "content_type": 8, "object_id": "1", "object_repr": "27 - Tomáš Bezeg - 0", "action_flag": 2, "change_message": "[{\"changed\": {\"fields\": [\"Attendance count\", \"All training count\"]}}]"}}, {"model": "admin.logentry", "pk": 41, "fields": {"action_time": "2025-02-03T13:17:07.684Z", "user": 1, "content_type": 8, "object_id": "11", "object_repr": "75 - Dávid Maliar - 0", "action_flag": 2, "change_message": "[{\"changed\": {\"fields\": [\"All training count\"]}}]"}}, {"model": "admin.logentry", "pk": 42, "fields": {"action_time": "2025-02-03T13:17:15.296Z", "user": 1, "content_type": 8, "object_id": "2", "object_repr": "52 - Oliver Olekšák - 0", "action_flag": 2, "change_message": "[{\"changed\": {\"fields\": [\"Attendance count\", \"All training count\"]}}]"}}, {"model": "admin.logentry", "pk": 43, "fields": {"action_time": "2025-02-03T13:17:23.931Z", "user": 1, "content_type": 8, "object_id": "3", "object_repr": "25 - Patrik Cirbus - 0", "action_flag": 2, "change_message": "[{\"changed\": {\"fields\": [\"Attendance count\", \"All training count\"]}}]"}}, {"model": "admin.logentry", "pk": 44, "fields": {"action_time": "2025-02-03T13:18:20.280Z", "user": 1, "content_type": 8, "object_id": "5", "object_repr": "72 - Peter Bezeg - 0", "action_flag": 2, "change_message": "[{\"changed\": {\"fields\": [\"Attendance count\", \"All training count\"]}}]"}}, {"model": "admin.logentry", "pk": 45, "fields": {"action_time": "2025-02-03T13:18:26.966Z", "user": 1, "content_type": 8, "object_id": "8", "object_repr": "53 - Daniel Petrašovič - 0", "action_flag": 2, "change_message": "[{\"changed\": {\"fields\": [\"Attendance count\", \"All training count\"]}}]"}}, {"model": "admin.logentry", "pk": 46, "fields": {"action_time": "2025-02-03T13:18:34.332Z", "user": 1, "content_type": 8, "object_id": "9", "object_repr": "13 - Matej Kender - 0", "action_flag": 2, "change_message": "[{\"changed\": {\"fields\": [\"Attendance count\", \"All training count\"]}}]"}}, {"model": "admin.logentry", "pk": 47, "fields": {"action_time": "2025-02-03T13:22:57.934Z", "user": 1, "content_type": 8, "object_id": "8", "object_repr": "53 - Daniel Petrašovič - 0", "action_flag": 2, "change_message": "[{\"changed\": {\"fields\": [\"Categories\"]}}]"}}, {"model": "admin.logentry", "pk": 48, "fields": {"action_time": "2025-02-03T13:23:06.928Z", "user": 1, "content_type": 8, "object_id": "4", "object_repr": "38 - Martin Guľaš - 0", "action_flag": 2, "change_message": "[{\"changed\": {\"fields\": [\"Categories\"]}}]"}}, {"model": "admin.logentry", "pk": 49, "fields": {"action_time": "2025-02-03T13:23:14.495Z", "user": 1, "content_type": 8, "object_id": "2", "object_repr": "52 - Oliver Olekšák - 0", "action_flag": 2, "change_message": "[{\"changed\": {\"fields\": [\"Categories\"]}}]"}}, {"model": "admin.logentry", "pk": 50, "fields": {"action_time": "2025-02-03T20:19:14.027Z", "user": 1, "content_type": 8, "object_id": "3", "object_repr": "25 - Patrik Cirbus - 1", "action_flag": 2, "change_message": "[]"}}, {"model": "admin.logentry", "pk": 51, "fields": {"action_time": "2025-02-04T10:03:55.482Z", "user": 1, "content_type": 16, "object_id": "1", "object_repr": "Tomáš - Bezeg - 2025-01-29", "action_flag": 1, "change_message": "[{\"added\": {}}]"}}, {"model": "admin.logentry", "pk": 52, "fields": {"action_time": "2025-02-04T10:04:16.195Z", "user": 1, "content_type": 16, "object_id": "1", "object_repr": "Tomáš - Bezeg - 2025-01-29", "action_flag": 3, "change_message": ""}}, {"model": "admin.logentry", "pk": 53, "fields": {"action_time": "2025-02-04T13:33:05.834Z", "user": 1, "content_type": 9, "object_id": "45", "object_repr": "Ukažka - 2025-02-04 - 17:00:00", "action_flag": 3, "change_message": ""}}, {"model": "admin.logentry", "pk": 54, "fields": {"action_time": "2025-02-04T13:33:05.834Z", "user": 1, "content_type": 9, "object_id": "44", "object_repr": "utorok - 2025-01-29 - 14:53:00", "action_flag": 3, "change_message": ""}}, {"model": "admin.logentry", "pk": 55, "fields": {"action_time": "2025-02-04T13:33:05.834Z", "user": 1, "content_type": 9, "object_id": "43", "object_repr": "Test - 2025-01-30 - 05:55:00", "action_flag": 3, "change_message": ""}}, {"model": "admin.logentry", "pk": 56, "fields": {"action_time": "2025-02-04T13:33:05.834Z", "user": 1, "content_type": 9, "object_id": "42", "object_repr": "utorok - 2025-02-05 - 14:00:00", "action_flag": 3, "change_message": ""}}, {"model": "admin.logentry", "pk": 57, "fields": {"action_time": "2025-02-04T13:33:05.834Z", "user": 1, "content_type": 9, "object_id": "41", "object_repr": "test - 2025-01-30 - 22:22:00", "action_flag": 3, "change_message": ""}}, {"model": "admin.logentry", "pk": 58, "fields": {"action_time": "2025-02-04T13:33:05.834Z", "user": 1, "content_type": 9, "object_id": "40", "object_repr": "safjaflw - 2025-01-31 - 12:10:00", "action_flag": 3, "change_message": ""}}, {"model": "admin.logentry", "pk": 59, "fields": {"action_time": "2025-02-04T13:33:05.834Z", "user": 1, "content_type": 9, "object_id": "39", "object_repr": "Test - 2025-01-30 - 11:58:00", "action_flag": 3, "change_message": ""}}, {"model": "admin.logentry", "pk": 60, "fields": {"action_time": "2025-02-04T13:33:05.834Z", "user": 1, "content_type": 9, "object_id": "38", "object_repr": "Test - 2025-02-06 - 12:58:00", "action_flag": 3, "change_message": ""}}, {"model": "admin.logentry", "pk": 61, "fields": {"action_time": "2025-02-04T13:33:05.834Z", "user": 1, "content_type": 9, "object_id": "37", "object_repr": "faawf - 2025-01-31 - 11:53:00", "action_flag": 3, "change_message": ""}}, {"model": "admin.logentry", "pk": 62, "fields": {"action_time": "2025-02-04T13:33:05.834Z", "user": 1, "content_type": 9, "object_id": "36", "object_repr": "faawf - 2025-01-31 - 11:53:00", "action_flag": 3, "change_message": ""}}, {"model": "admin.logentry", "pk": 63, "fields": {"action_time": "2025-02-04T13:33:05.834Z", "user": 1, "content_type": 9, "object_id": "35", "object_repr": "Dnes - 2025-01-31 - 11:48:00", "action_flag": 3, "change_message": ""}}, {"model": "admin.logentry", "pk": 64, "fields": {"action_time": "2025-02-04T13:33:05.834Z", "user": 1, "content_type": 9, "object_id": "34", "object_repr": "utorok - 2025-02-01 - 09:09:00", "action_flag": 3, "change_message": ""}}, {"model": "admin.logentry", "pk": 65, "fields": {"action_time": "2025-02-04T13:33:05.834Z", "user": 1, "content_type": 9, "object_id": "33", "object_repr": "utorok - 2025-02-01 - 09:09:00", "action_flag": 3, "change_message": ""}}, {"model": "admin.logentry", "pk": 66, "fields": {"action_time": "2025-02-04T13:33:05.834Z", "user": 1, "content_type": 9, "object_id": "32", "object_repr": "Pondelok - 1111-11-11 - 11:11:00", "action_flag": 3, "change_message": ""}}, {"model": "admin.logentry", "pk": 67, "fields": {"action_time": "2025-02-04T13:33:05.834Z", "user": 1, "content_type": 9, "object_id": "31", "object_repr": "Piatok - 2025-01-31 - 22:22:00", "action_flag": 3, "change_message": ""}}, {"model": "admin.logentry", "pk": 68, "fields": {"action_time": "2025-02-04T13:33:05.834Z", "user": 1, "content_type": 9, "object_id": "30", "object_repr": "utorok - 2025-01-30 - 23:09:00", "action_flag": 3, "change_message": ""}}, {"model": "admin.logentry", "pk": 69, "fields": {"action_time": "2025-02-04T13:33:05.834Z", "user": 1, "content_type": 9, "object_id": "29", "object_repr": "utorok - 2025-01-30 - 23:09:00", "action_flag": 3, "change_message": ""}}, {"model": "admin.logentry", "pk": 70, "fields": {"action_time": "2025-02-04T13:33:05.834Z", "user": 1, "content_type": 9, "object_id": "28", "object_repr": "Streda - 2025-01-31 - 23:05:00", "action_flag": 3, "change_message": ""}}, {"model": "admin.logentry", "pk": 71, "fields": {"action_time": "2025-02-04T13:33:05.834Z", "user": 1, "content_type": 9, "object_id": "27", "object_repr": "utorok - 2025-01-29 - 00:33:00", "action_flag": 3, "change_message": ""}}, {"model": "admin.logentry", "pk": 72, "fields": {"action_time": "2025-02-04T13:33:05.834Z", "user": 1, "content_type": 9, "object_id": "26", "object_repr": "utorok - 2025-01-29 - 22:33:00", "action_flag": 3, "change_message": ""}}, {"model": "admin.logentry", "pk": 73, "fields": {"action_time": "2025-02-04T13:33:05.834Z", "user": 1, "content_type": 9, "object_id": "25", "object_repr": "utorok - 2025-01-29 - 11:11:00", "action_flag": 3, "change_message": ""}}, {"model": "admin.logentry", "pk": 74, "fields": {"action_time": "2025-02-04T13:33:05.834Z", "user": 1, "content_type": 9, "object_id": "24", "object_repr": "Streda - 2025-01-29 - 16:30:00", "action_flag": 3, "change_message": ""}}, {"model": "admin.logentry", "pk": 75, "fields": {"action_time": "2025-02-04T13:33:05.834Z", "user": 1, "content_type": 9, "object_id": "23", "object_repr": "utorok - 2025-01-29 - 11:11:00", "action_flag": 3, "change_message": ""}}, {"model": "admin.logentry", "pk": 76, "fields": {"action_time": "2025-02-04T13:33:05.834Z", "user": 1, "content_type": 9, "object_id": "22", "object_repr": "Piatok - 2025-01-31 - 16:30:00", "action_flag": 3, "change_message": ""}}, {"model": "admin.logentry", "pk": 77, "fields": {"action_time": "2025-02-04T13:33:05.834Z", "user": 1, "content_type": 9, "object_id": "21", "object_repr": "utorok - 2025-01-28 - 17:00:00", "action_flag": 3, "change_message": ""}}, {"model": "admin.logentry", "pk": 78, "fields": {"action_time": "2025-02-04T13:33:05.834Z", "user": 1, "content_type": 9, "object_id": "20", "object_repr": "Pondelok - 2025-02-03 - 15:00:00", "action_flag": 3, "change_message": ""}}, {"model": "admin.logentry", "pk": 79, "fields": {"action_time": "2025-02-04T13:33:05.834Z", "user": 1, "content_type": 9, "object_id": "19", "object_repr": "utorok - 2025-01-28 - 18:30:00", "action_flag": 3, "change_message": ""}}, {"model": "admin.logentry", "pk": 80, "fields": {"action_time": "2025-02-04T13:33:05.834Z", "user": 1, "content_type": 9, "object_id": "18", "object_repr": "streda - 2025-01-29 - 17:00:00", "action_flag": 3, "change_message": ""}}, {"model": "admin.logentry", "pk": 81, "fields": {"action_time": "2025-02-04T13:33:05.834Z", "user": 1, "content_type": 9, "object_id": "17", "object_repr": "utorok - 2025-01-28 - 17:30:00", "action_flag": 3, "change_message": ""}}, {"model": "auth.permission", "pk": 1, "fields": {"name": "Can add log entry", "content_type": 1, "codename": "add_logentry"}}, {"model": "auth.permission", "pk": 2, "fields": {"name": "Can change log entry", "content_type": 1, "codename": "change_logentry"}}, {"model": "auth.permission", "pk": 3, "fields": {"name": "Can delete log entry", "content_type": 1, "codename": "delete_logentry"}}, {"model": "auth.permission", "pk": 4, "fields": {"name": "Can view log entry", "content_type": 1, "codename": "view_logentry"}}, {"model": "auth.permission", "pk": 5, "fields": {"name": "Can add permission", "content_type": 2, "codename": "add_permission"}}, {"model": "auth.permission", "pk": 6, "fields": {"name": "Can change permission", "content_type": 2, "codename": "change_permission"}}, {"model": "auth.permission", "pk": 7, "fields": {"name": "Can delete permission", "content_type": 2, "codename": "delete_permission"}}, {"model": "auth.permission", "pk": 8, "fields": {"name": "Can view permission", "content_type": 2, "codename": "view_permission"}}, {"model": "auth.permission", "pk": 9, "fields": {"name": "Can add group", "content_type": 3, "codename": "add_group"}}, {"model": "auth.permission", "pk": 10, "fields": {"name": "Can change group", "content_type": 3, "codename": "change_group"}}, {"model": "auth.permission", "pk": 11, "fields": {"name": "Can delete group", "content_type": 3, "codename": "delete_group"}}, {"model": "auth.permission", "pk": 12, "fields": {"name": "Can view group", "content_type": 3, "codename": "view_group"}}, {"model": "auth.permission", "pk": 13, "fields": {"name": "Can add user", "content_type": 4, "codename": "add_user"}}, {"model": "auth.permission", "pk": 14, "fields": {"name": "Can change user", "content_type": 4, "codename": "change_user"}}, {"model": "auth.permission", "pk": 15, "fields": {"name": "Can delete user", "content_type": 4, "codename": "delete_user"}}, {"model": "auth.permission", "pk": 16, "fields": {"name": "Can view user", "content_type": 4, "codename": "view_user"}}, {"model": "auth.permission", "pk": 17, "fields": {"name": "Can add content type", "content_type": 5, "codename": "add_contenttype"}}, {"model": "auth.permission", "pk": 18, "fields": {"name": "Can change content type", "content_type": 5, "codename": "change_contenttype"}}, {"model": "auth.permission", "pk": 19, "fields": {"name": "Can delete content type", "content_type": 5, "codename": "delete_contenttype"}}, {"model": "auth.permission", "pk": 20, "fields": {"name": "Can view content type", "content_type": 5, "codename": "view_contenttype"}}, {"model": "auth.permission", "pk": 21, "fields": {"name": "Can add session", "content_type": 6, "codename": "add_session"}}, {"model": "auth.permission", "pk": 22, "fields": {"name": "Can change session", "content_type": 6, "codename": "change_session"}}, {"model": "auth.permission", "pk": 23, "fields": {"name": "Can delete session", "content_type": 6, "codename": "delete_session"}}, {"model": "auth.permission", "pk": 24, "fields": {"name": "Can view session", "content_type": 6, "codename": "view_session"}}, {"model": "auth.permission", "pk": 25, "fields": {"name": "Can add site", "content_type": 7, "codename": "add_site"}}, {"model": "auth.permission", "pk": 26, "fields": {"name": "Can change site", "content_type": 7, "codename": "change_site"}}, {"model": "auth.permission", "pk": 27, "fields": {"name": "Can delete site", "content_type": 7, "codename": "delete_site"}}, {"model": "auth.permission", "pk": 28, "fields": {"name": "Can view site", "content_type": 7, "codename": "view_site"}}, {"model": "auth.permission", "pk": 29, "fields": {"name": "Can add player", "content_type": 8, "codename": "add_player"}}, {"model": "auth.permission", "pk": 30, "fields": {"name": "Can change player", "content_type": 8, "codename": "change_player"}}, {"model": "auth.permission", "pk": 31, "fields": {"name": "Can delete player", "content_type": 8, "codename": "delete_player"}}, {"model": "auth.permission", "pk": 32, "fields": {"name": "Can view player", "content_type": 8, "codename": "view_player"}}, {"model": "auth.permission", "pk": 33, "fields": {"name": "Can add training", "content_type": 9, "codename": "add_training"}}, {"model": "auth.permission", "pk": 34, "fields": {"name": "Can change training", "content_type": 9, "codename": "change_training"}}, {"model": "auth.permission", "pk": 35, "fields": {"name": "Can delete training", "content_type": 9, "codename": "delete_training"}}, {"model": "auth.permission", "pk": 36, "fields": {"name": "Can view training", "content_type": 9, "codename": "view_training"}}, {"model": "auth.permission", "pk": 37, "fields": {"name": "Can add category", "content_type": 10, "codename": "add_category"}}, {"model": "auth.permission", "pk": 38, "fields": {"name": "Can change category", "content_type": 10, "codename": "change_category"}}, {"model": "auth.permission", "pk": 39, "fields": {"name": "Can delete category", "content_type": 10, "codename": "delete_category"}}, {"model": "auth.permission", "pk": 40, "fields": {"name": "Can view category", "content_type": 10, "codename": "view_category"}}, {"model": "auth.permission", "pk": 41, "fields": {"name": "Can add email address", "content_type": 11, "codename": "add_emailaddress"}}, {"model": "auth.permission", "pk": 42, "fields": {"name": "Can change email address", "content_type": 11, "codename": "change_emailaddress"}}, {"model": "auth.permission", "pk": 43, "fields": {"name": "Can delete email address", "content_type": 11, "codename": "delete_emailaddress"}}, {"model": "auth.permission", "pk": 44, "fields": {"name": "Can view email address", "content_type": 11, "codename": "view_emailaddress"}}, {"model": "auth.permission", "pk": 45, "fields": {"name": "Can add email confirmation", "content_type": 12, "codename": "add_emailconfirmation"}}, {"model": "auth.permission", "pk": 46, "fields": {"name": "Can change email confirmation", "content_type": 12, "codename": "change_emailconfirmation"}}, {"model": "auth.permission", "pk": 47, "fields": {"name": "Can delete email confirmation", "content_type": 12, "codename": "delete_emailconfirmation"}}, {"model": "auth.permission", "pk": 48, "fields": {"name": "Can view email confirmation", "content_type": 12, "codename": "view_emailconfirmation"}}, {"model": "auth.permission", "pk": 49, "fields": {"name": "Can add social account", "content_type": 13, "codename": "add_socialaccount"}}, {"model": "auth.permission", "pk": 50, "fields": {"name": "Can change social account", "content_type": 13, "codename": "change_socialaccount"}}, {"model": "auth.permission", "pk": 51, "fields": {"name": "Can delete social account", "content_type": 13, "codename": "delete_socialaccount"}}, {"model": "auth.permission", "pk": 52, "fields": {"name": "Can view social account", "content_type": 13, "codename": "view_socialaccount"}}, {"model": "auth.permission", "pk": 53, "fields": {"name": "Can add social application", "content_type": 14, "codename": "add_socialapp"}}, {"model": "auth.permission", "pk": 54, "fields": {"name": "Can change social application", "content_type": 14, "codename": "change_socialapp"}}, {"model": "auth.permission", "pk": 55, "fields": {"name": "Can delete social application", "content_type": 14, "codename": "delete_socialapp"}}, {"model": "auth.permission", "pk": 56, "fields": {"name": "Can view social application", "content_type": 14, "codename": "view_socialapp"}}, {"model": "auth.permission", "pk": 57, "fields": {"name": "Can add social application token", "content_type": 15, "codename": "add_socialtoken"}}, {"model": "auth.permission", "pk": 58, "fields": {"name": "Can change social application token", "content_type": 15, "codename": "change_socialtoken"}}, {"model": "auth.permission", "pk": 59, "fields": {"name": "Can delete social application token", "content_type": 15, "codename": "delete_socialtoken"}}, {"model": "auth.permission", "pk": 60, "fields": {"name": "Can view social application token", "content_type": 15, "codename": "view_socialtoken"}}, {"model": "auth.permission", "pk": 61, "fields": {"name": "Can add absence reason", "content_type": 16, "codename": "add_absencereason"}}, {"model": "auth.permission", "pk": 62, "fields": {"name": "Can change absence reason", "content_type": 16, "codename": "change_absencereason"}}, {"model": "auth.permission", "pk": 63, "fields": {"name": "Can delete absence reason", "content_type": 16, "codename": "delete_absencereason"}}, {"model": "auth.permission", "pk": 64, "fields": {"name": "Can view absence reason", "content_type": 16, "codename": "view_absencereason"}}, {"model": "auth.user", "pk": 1, "fields": {"password": "pbkdf2_sha256$870000$vKOKqitp7gLfUivzOQfJZK$rS7g6qX/dPonU7kFwIcMlo4xF5Zy07mLc3rxbSMO41w=", "last_login": "2025-02-02T13:42:58.978Z", "is_superuser": true, "username": "kurri", "first_name": "", "last_name": "", "email": "tomikbez@gmail.com", "is_staff": true, "is_active": true, "date_joined": "2025-02-02T13:42:42.477Z", "groups": [], "user_permissions": []}}, {"model": "contenttypes.contenttype", "pk": 1, "fields": {"app_label": "admin", "model": "logentry"}}, {"model": "contenttypes.contenttype", "pk": 2, "fields": {"app_label": "auth", "model": "permission"}}, {"model": "contenttypes.contenttype", "pk": 3, "fields": {"app_label": "auth", "model": "group"}}, {"model": "contenttypes.contenttype", "pk": 4, "fields": {"app_label": "auth", "model": "user"}}, {"model": "contenttypes.contenttype", "pk": 5, "fields": {"app_label": "contenttypes", "model": "contenttype"}}, {"model": "contenttypes.contenttype", "pk": 6, "fields": {"app_label": "sessions", "model": "session"}}, {"model": "contenttypes.contenttype", "pk": 7, "fields": {"app_label": "sites", "model": "site"}}, {"model": "contenttypes.contenttype", "pk": 8, "fields": {"app_label": "dochadzka_app", "model": "player"}}, {"model": "contenttypes.contenttype", "pk": 9, "fields": {"app_label": "dochadzka_app", "model": "training"}}, {"model": "contenttypes.contenttype", "pk": 10, "fields": {"app_label": "dochadzka_app", "model": "category"}}, {"model": "contenttypes.contenttype", "pk": 11, "fields": {"app_label": "account", "model": "emailaddress"}}, {"model": "contenttypes.contenttype", "pk": 12, "fields": {"app_label": "account", "model": "emailconfirmation"}}, {"model": "contenttypes.contenttype", "pk": 13, "fields": {"app_label": "socialaccount", "model": "socialaccount"}}, {"model": "contenttypes.contenttype", "pk": 14, "fields": {"app_label": "socialaccount", "model": "socialapp"}}, {"model": "contenttypes.contenttype", "pk": 15, "fields": {"app_label": "socialaccount", "model": "socialtoken"}}, {"model": "contenttypes.contenttype", "pk": 16, "fields": {"app_label": "dochadzka_app", "model": "absencereason"}}, {"model": "sessions.session", "pk": "8fsw573nmbhiptyh35ape2ax0jkztycd", "fields": {"session_data": ".eJxVjEEOwiAQRe_C2pCB0lJduvcMZJgZpGpoUtqV8e7SpAvdvvf-f6uA25rDVmUJE6uLMur0yyLSU8ou-IHlPmuay7pMUe-JPmzVt5nldT3av4OMNbe1QxYLwCTJJeIhoSQ_khh_Rm968A0PBNB5J50ljjZaS60AxyPYXn2-FsU4gw:1teaFW:6HEW4o_9CAC9Vm9EAoZ-uqV_cMgXdry6vXsOvZ7frVI", "expire_date": "2025-02-16T13:42:58.979Z"}}, {"model": "sites.site", "pk": 1, "fields": {"domain": "example.com", "name": "example.com"}}, {"model": "dochadzka_app.category", "pk": 1, "fields": {"name": "Dorastenci"}}, {"model": "dochadzka_app.category", "pk": 2, "fields": {"name": "Muži"}}, {"model": "dochadzka_app.category", "pk": 3, "fields": {"name": "Juniori"}}, {"model": "dochadzka_app.category", "pk": 4, "fields": {"name": "Starsi_Ziaci"}}, {"model": "dochadzka_app.player", "pk": 1, "fields": {"jersey_number": 27, "first_name": "Tomáš", "last_name": "Bezeg", "birth_date": "2003-11-09", "email_1": "tomikbez@gmail.com", "email_2": null, "attendance_count": 3, "all_training_count": 2, "categories": [2]}}, {"model": "dochadzka_app.player", "pk": 2, "fields": {"jersey_number": 52, "first_name": "Oliver", "last_name": "Olekšák", "birth_date": "2009-08-14", "email_1": "denisa.oleksakova@gmail.com", "email_2": null, "attendance_count": 21, "all_training_count": 11, "categories": [1, 3]}}, {"model": "dochadzka_app.player", "pk": 3, "fields": {"jersey_number": 25, "first_name": "Patrik", "last_name": "Cirbus", "birth_date": "2006-05-05", "email_1": "kurri@kurri.com", "email_2": null, "attendance_count": 2, "all_training_count": 5, "categories": [2, 3]}}, {"model": "dochadzka_app.player", "pk": 4, "fields": {"jersey_number": 38, "first_name": "Martin", "last_name": "Guľaš", "birth_date": "2009-01-12", "email_1": "martin.gulas@gmail.com", "email_2": null, "attendance_count": 19, "all_training_count": 14, "categories": [1, 3]}}, {"model": "dochadzka_app.player", "pk": 5, "fields": {"jersey_number": 72, "first_name": "Peter", "last_name": "Bezeg", "birth_date": "2000-01-14", "email_1": "petobez31@gmail.com", "email_2": null, "attendance_count": 3, "all_training_count": 2, "categories": [2]}}, {"model": "dochadzka_app.player", "pk": 8, "fields": {"jersey_number": 53, "first_name": "Daniel", "last_name": "Petrašovič", "birth_date": "2009-08-18", "email_1": "daniel.petrasovic@gmail.com", "email_2": null, "attendance_count": 20, "all_training_count": 12, "categories": [1, 3]}}, {"model": "dochadzka_app.player", "pk": 9, "fields": {"jersey_number": 13, "first_name": "Matej", "last_name": "Kender", "birth_date": "2010-06-25", "email_1": "petra.kenderova@gmail.com", "email_2": null, "attendance_count": 20, "all_training_count": 14, "categories": [1, 4]}}, {"model": "dochadzka_app.player", "pk": 10, "fields": {"jersey_number": 79, "first_name": "Marek", "last_name": "Pazsiczký", "birth_date": "2003-09-14", "email_1": "marek.pazsiczky@gmail.com", "email_2": null, "attendance_count": 2, "all_training_count": 2, "categories": [2]}}, {"model": "dochadzka_app.player", "pk": 11, "fields": {"jersey_number": 75, "first_name": "Dávid", "last_name": "Maliar", "birth_date": "2008-09-09", "email_1": "david.maliar2008@gmail.com", "email_2": null, "attendance_count": 19, "all_training_count": 12, "categories": [1, 3]}}, {"model": "dochadzka_app.player", "pk": 12, "fields": {"jersey_number": 74, "first_name": "Peter", "last_name": "Bretz", "birth_date": "2008-02-07", "email_1": "peter.bretz@gmail.com", "email_2": null, "attendance_count": 13, "all_training_count": 14, "categories": [1, 2, 3]}}, {"model": "dochadzka_app.player", "pk": 13, "fields": {"jersey_number": 68, "first_name": "Adam", "last_name": "Dudinský", "birth_date": "2008-02-15", "email_1": "dudi@dudi.com", "email_2": null, "attendance_count": 4, "all_training_count": 1, "categories": [1, 3]}}, {"model": "dochadzka_app.player", "pk": 14, "fields": {"jersey_number": 47, "first_name": "Matej", "last_name": "Rosič", "birth_date": "2010-08-30", "email_1": "krosicova@gmail.com", "email_2": "martinrosic@gmail.com", "attendance_count": 2, "all_training_count": 0, "categories": [1, 4]}}, {"model": "dochadzka_app.training", "pk": 46, "fields": {"category": 1, "day": "Piatok", "date": "2025-01-31", "time": "16:30:00", "players": [2, 8, 9, 11]}}, {"model": "dochadzka_app.training", "pk": 47, "fields": {"category": 1, "day": "Streda", "date": "2025-01-29", "time": "17:00:00", "players": [2, 4, 8, 11]}}, {"model": "dochadzka_app.training", "pk": 48, "fields": {"category": 1, "day": "Pondelok", "date": "2025-02-03", "time": "15:00:00", "players": [2, 8, 9, 11]}}, {"model": "dochadzka_app.training", "pk": 49, "fields": {"category": 2, "day": "Utorok", "date": "2025-01-28", "time": "18:30:00", "players": [1, 5, 10, 12]}}, {"model": "dochadzka_app.training", "pk": 50, "fields": {"category": 3, "day": "Streda", "date": "2025-01-29", "time": "17:00:00", "players": [2, 4, 8, 11, 12, 13]}}, {"model": "dochadzka_app.training", "pk": 51, "fields": {"category": 1, "day": "Piatok", "date": "2025-01-31", "time": "10:00:00", "players": [2, 4, 8, 9, 12, 13]}}, {"model": "dochadzka_app.training", "pk": 52, "fields": {"category": 1, "day": "Utorok", "date": "2025-02-04", "time": "17:00:00", "players": [2, 8, 9, 11, 13]}}, {"model": "dochadzka_app.training", "pk": 53, "fields": {"category": 1, "day": "Streda", "date": "2025-02-05", "time": "17:00:00", "players": [2, 8, 9, 11, 12, 13, 14]}}, {"model": "dochadzka_app.training", "pk": 54, "fields": {"category": 1, "day": "Piatok", "date": "2025-02-07", "time": "16:30:00", "players": [2, 4, 8, 9, 11, 12, 14]}}, {"model": "dochadzka_app.absencereason", "pk": 8, "fields": {"player": 4, "training": 46, "reason": "Mimo KE"}}, {"model": "dochadzka_app.absencereason", "pk": 9, "fields": {"player": 12, "training": 46, "reason": "Oddych"}}, {"model": "dochadzka_app.absencereason", "pk": 10, "fields": {"player": 9, "training": 47, "reason": "Lyžiarsky"}}, {"model": "dochadzka_app.absencereason", "pk": 11, "fields": {"player": 12, "training": 47, "reason": "mužský"}}, {"model": "dochadzka_app.absencereason", "pk": 12, "fields": {"player": 4, "training": 48, "reason": "Lyžiarsky"}}, {"model": "dochadzka_app.absencereason", "pk": 13, "fields": {"player": 12, "training": 48, "reason": "Oddych"}}, {"model": "dochadzka_app.absencereason", "pk": 14, "fields": {"player": 3, "training": 49, "reason": "Neuvedený"}}, {"model": "dochadzka_app.absencereason", "pk": 15, "fields": {"player": 3, "training": 50, "reason": "Choroba"}}, {"model": "dochadzka_app.absencereason", "pk": 16, "fields": {"player": 11, "training": 51, "reason": "Neudal"}}, {"model": "dochadzka_app.absencereason", "pk": 17, "fields": {"player": 4, "training": 52, "reason": "Lyžiarsky"}}, {"model": "dochadzka_app.absencereason", "pk": 18, "fields": {"player": 12, "training": 52, "reason": "Mužský"}}, {"model": "dochadzka_app.absencereason", "pk": 19, "fields": {"player": 4, "training": 53, "reason": "Lyžiarsky"}}, {"model": "dochadzka_app.absencereason", "pk": 20, "fields": {"player": 13, "training": 54, "reason": "retard"}}]